﻿{"cameraMode":{"drawMode":0,"name":"Shaded","section":"Shading Mode"},"sceneLighting":false,"audioPlay":false,"sceneViewState":{"showFog":true,"showMaterialUpdate":false,"showSkybox":false,"showFlares":true,"showImageEffects":true,"showParticleSystems":true},"in2DMode":false,"pivot":{"x":16.0,"y":0.6885877847671509,"z":0.13602328300476075},"rotation":{"x":0.10225047171115875,"y":0.05696748197078705,"z":-0.005865348968654871,"w":0.9931088089942932},"size":7.105677127838135,"orthographic":false}