﻿{"cameraMode":{"drawMode":0,"name":"Shaded","section":"Shading Mode"},"sceneLighting":false,"audioPlay":false,"sceneViewState":{"showFog":true,"showMaterialUpdate":false,"showSkybox":false,"showFlares":true,"showImageEffects":true,"showParticleSystems":true},"in2DMode":false,"pivot":{"x":0.0000017881393432617188,"y":1.5227513313293458,"z":0.06453794240951538},"rotation":{"x":0.044080860912799838,"y":0.01228772010654211,"z":-0.0005422040121629834,"w":0.998952329158783},"size":7.696240425109863,"orthographic":false}